,0
바라만 본다,MSG워너비(M.O.M)
나는 너 좋아,장범준
Next Level,aespa
비 오는 날 듣기 좋은 노래 (Feat. Colde),에픽하이 (EPIK HIGH)
나를 아는 사람,MSG워너비(정상동기)
Alcohol-Free,TWICE (트와이스)
Butter,방탄소년단
치맛바람 (Chi Mat Ba Ram),브레이브걸스(Brave Girls)
비와 당신,이무진
Bad Habits,Ed Sheeran(에드 시런)
하루만 더,빅마마(Big Mama)
헤픈 우연,헤이즈(Heize)
Dun Dun Dance,오마이걸(OH MY GIRL)
가을 우체국 앞에서,김대명
롤린 (Rollin'),브레이브걸스(Brave Girls)
신호등,이무진
해야 해,2PM
"Peaches (feat. Daniel Caesar, Giveon)",Justin Bieber(저스틴 비버)
ASAP,STAYC(스테이씨)
안녕 (Hello),조이 (JOY)
Dynamite,방탄소년단
상상더하기,"MSG워너비 TOP 8 (별루지, 김정수, 강창모, 정기석, 이동휘, 이상이, 박재정, 원슈타인)"
추적이는 여름 비가 되어,장범준
운전만해 (We Ride),브레이브걸스(Brave Girls)
라일락,아이유(IU)
Hello Future,NCT DREAM
Leave Before You Love Me,Marshmello(마시멜로)
Loving You Girl (feat. Hkeem),Peder Elias
Timeless,SG워너비
Off My Face,Justin Bieber(저스틴 비버)
내 손을 잡아,아이유(IU)
내 입술 따뜻한 커피처럼,청하
Celebrity,아이유(IU)
Beautiful Mistakes,Maroon 5(마룬 파이브)
Leave The Door Open,Bruno Mars(브루노 마스)
2002,Anne-Marie(앤 마리)
오르골 (Life Is Still Going On),NCT DREAM
멜로디,ASH ISLAND
Kiss Me More (feat. SZA),Doja Cat(도자 캣)
Dolphin,오마이걸(OH MY GIRL)
작은 것들을 위한 시 (Boy With Luv) (Feat. Halsey),방탄소년단
내사람: Partner For Life,SG워너비
Life Goes On,방탄소년단
Savage Love (Laxed - Siren Beat) (BTS Remix),Jawsh 685
At My Worst,Pink Sweat$
어푸 (Ah puh),아이유(IU)
Black Mamba,aespa
마.피.아. In the morning,ITZY (있지)
에잇(Prod.&Feat. SUGA of BTS),아이유(IU)
"어떻게 이별까지 사랑하겠어, 널 사랑하는 거지",AKMU (악동뮤지션)
좋을텐데 (If Only) (Feat. 폴킴),조이 (JOY)
다정히 내 이름을 부르면,경서예지
Coin,아이유(IU)
오늘따라 더 미운 그대가,전상근
흔들리는 꽃들 속에서 네 샴푸향이 느껴진거야,장범준
Love me once again (미워도 다시 한 번),Boyz II Men(보이즈 투 맨)
PTT (Paint The Town),이달의 소녀
Lovesick Girls,BLACKPINK
우리집,2PM
Ready to love,세븐틴(SEVENTEEN)
WE GO,프로미스나인
"사이렌 Remix (Feat. UNEDUCATED KID, Paul Blanco)",호미들
허리춤,오반 (OVAN)
parachute,John K
서울의 잠 못 이루는 밤 (Feat. 이수현),10CM
체념,MSG워너비(정상동기)
On The Ground,로제(ROSÉ)
맛 (Hot Sauce),NCT DREAM
"모든 날, 모든 순간 (Every day, Every Moment)",폴킴(Paul Kim)
라라라,SG워너비
잠이 오질 않네요,장범준
Save Your Tears (Remix),The Weeknd(위켄드)
"LOVE DAY (2021) (바른연애 길잡이 X 양요섭, 정은지)",양요섭
Blueming,아이유(IU)
그냥 안아달란 말야,다비치
Je T′aime,조이 (JOY)
살짝 설렜어 (Nonstop),오마이걸(OH MY GIRL)
밝게 빛나는 별이 되어 비춰줄게,송이한
Don't Call Me,SHINee (샤이니)
취기를 빌려 (취향저격 그녀 X 산들),산들
Pool Party (Feat. 이찬 of DKB),브레이브걸스(Brave Girls)
밤편지,아이유(IU)
나랑 같이 걸을래 (바른연애 길잡이 X 적재),적재
얼음깨,둘째이모 김다비
밤하늘의 별을(2020),경서
썸 (feat. 릴보이 Of 긱스),소유 (SOYOU)
12:45 (Stripped),Etham
아이와 나의 바다,아이유(IU)
Don't fight the feeling,EXO
"보고싶어, 보러갈게",2PM
Ashes,Stellar
아로하,조정석
별빛 같은 나의 사랑아,임영웅
너의 발걸음에 빛을 비춰줄게 (Prod. 조영수),케이시
Break Away,빅마마(Big Mama)
Day By Day,조이 (JOY)
Like 1999,Valley
처음처럼 (Feat. 개리),헤이즈(Heize)
봄날,방탄소년단
